Hans Zimmer,United States
Johnny Cash,United States
The Piano Guys,United States
Lenny,Czech Republic
First Aid Kit,Sweden
Enya,Ireland
Imagine Dragons,United States
Queen,United Kingdom
Coldplay,United Kingdom
Nightwish,Finland
Alan Silvestri,United States
David Guetta,France
Robbie Williams,United Kingdom
Dan Le Sac vs Scroobius Pip,United Kingdom
Lana Del Rey,United States
Ludovico Einaudi,Italy
TheFatRat,United States
Two Steps from Hell,United States
Apocalyptica,Finland
Enigma,Germany
Amy Macdonald,United Kingdom
Vangelis,Greece
Therion,Sweden
Ivo Jahelka,Czech Republic
Of Monsters and Men,Iceland
Adrian Von Ziegler,Switzerland
U2,Ireland
Xandria,Bielefeld
Epica,Netherlands
Pokáč,Czech Republic
Pink Floyd,United Kingdom
Ennio Morricone,Italy
The Cranberries,Ireland
José González,Sweden
Gregorian,Germany
September,Sweden
Sandra,Germany
Isgaard,Germany
Tame Impala,Australia
Mythos,Canada
Berlinist,Spain
Lake Malawi,Czech Republic
Green Day,United States
Within Temptation,Netherlands
ERA,France
Mike Oldfield,United Kingdom
Alizée,France
Hollow Coves,Australia
Cruskin,France
Ben Laver,United Kingdom
